[{"model": "contenttypes.contenttype", "pk": 1, "fields": {"app_label": "admin", "model": "logentry"}}, {"model": "contenttypes.contenttype", "pk": 2, "fields": {"app_label": "auth", "model": "permission"}}, {"model": "contenttypes.contenttype", "pk": 3, "fields": {"app_label": "auth", "model": "group"}}, {"model": "contenttypes.contenttype", "pk": 4, "fields": {"app_label": "auth", "model": "user"}}, {"model": "contenttypes.contenttype", "pk": 5, "fields": {"app_label": "contenttypes", "model": "contenttype"}}, {"model": "contenttypes.contenttype", "pk": 6, "fields": {"app_label": "sessions", "model": "session"}}, {"model": "contenttypes.contenttype", "pk": 7, "fields": {"app_label": "authtoken", "model": "token"}}, {"model": "contenttypes.contenttype", "pk": 8, "fields": {"app_label": "profiles", "model": "profile"}}, {"model": "contenttypes.contenttype", "pk": 9, "fields": {"app_label": "wiki", "model": "subtopic"}}, {"model": "contenttypes.contenttype", "pk": 10, "fields": {"app_label": "wiki", "model": "subject"}}, {"model": "contenttypes.contenttype", "pk": 11, "fields": {"app_label": "wiki", "model": "topic"}}, {"model": "contenttypes.contenttype", "pk": 12, "fields": {"app_label": "quiz", "model": "question"}}, {"model": "contenttypes.contenttype", "pk": 13, "fields": {"app_label": "quiz", "model": "choice"}}, {"model": "contenttypes.contenttype", "pk": 14, "fields": {"app_label": "quiz", "model": "quiz"}}, {"model": "sessions.session", "pk": "11yf6cze8m0wkq50vxmhvupiz9us9rgg", "fields": {"session_data": "MDAyZTZkMDVmZjQ5ZTBhYWNjYmEzZDRiNWRjYTAzODY0MzE3Y2M4YTp7Il9hdXRoX3VzZXJfaWQiOiIxIiwiX2F1dGhfdXNlcl9iYWNrZW5kIjoiZGphbmdvLmNvbnRyaWIuYXV0aC5iYWNrZW5kcy5Nb2RlbEJhY2tlbmQiLCJfYXV0aF91c2VyX2hhc2giOiI0MjE4OTU5MjVhMzdiZmMyMmFmYmQ5M2JlN2EyZDM2ZTlhMGQwMzdjIn0=", "expire_date": "2017-04-06T22:44:47.904Z"}}, {"model": "wiki.subject", "pk": 1, "fields": {"name": "TDT4110 - ITGK", "description": "ITGK Description"}}, {"model": "wiki.subject", "pk": 2, "fields": {"name": "TDT4100 - OOP", "description": "OOP Desc"}}, {"model": "wiki.subject", "pk": 3, "fields": {"name": "TDT4102 - POOP", "description": "POOP Description"}}, {"model": "wiki.topic", "pk": 1, "fields": {"name": "ITGK Topic 1", "description": "Description", "subjects": [1]}}, {"model": "wiki.topic", "pk": 2, "fields": {"name": "ITGK Topic 2", "description": "Description", "subjects": [1]}}, {"model": "wiki.topic", "pk": 3, "fields": {"name": "ITGK Topic 3", "description": "Description", "subjects": [1]}}, {"model": "wiki.topic", "pk": 4, "fields": {"name": "OOP Topic 1", "description": "desription", "subjects": [2]}}, {"model": "wiki.topic", "pk": 5, "fields": {"name": "OOP Topic 2", "description": "Description", "subjects": [2]}}, {"model": "wiki.topic", "pk": 6, "fields": {"name": "POOP topic 1", "description": "Description", "subjects": [3]}}, {"model": "wiki.subtopic", "pk": 1, "fields": {"name": "POOP 1.1", "description": "Description", "content": "Content", "topics": [6]}}, {"model": "wiki.subtopic", "pk": 2, "fields": {"name": "POOP 1.2", "description": "Description", "content": "Contnet", "topics": [6]}}, {"model": "wiki.subtopic", "pk": 3, "fields": {"name": "POOP 1.3", "description": "Description", "content": "Content", "topics": [6]}}, {"model": "wiki.subtopic", "pk": 4, "fields": {"name": "OOP 1.1", "description": "Description", "content": "Content", "topics": [4]}}, {"model": "wiki.subtopic", "pk": 5, "fields": {"name": "OOP 1.2", "description": "Description", "content": "Content", "topics": [4]}}, {"model": "wiki.subtopic", "pk": 6, "fields": {"name": "OOP 2.1", "description": "Description", "content": "Content", "topics": [5]}}, {"model": "wiki.subtopic", "pk": 7, "fields": {"name": "ITGK 1.1", "description": "Description", "content": "Content", "topics": [1]}}, {"model": "wiki.subtopic", "pk": 8, "fields": {"name": "ITGK 1.2", "description": "Description", "content": "Content", "topics": [1]}}, {"model": "wiki.subtopic", "pk": 9, "fields": {"name": "ITGK 2.1", "description": "Description", "content": "Content", "topics": [2]}}, {"model": "wiki.subtopic", "pk": 10, "fields": {"name": "ITGK 2.2", "description": "Description", "content": "Content", "topics": [2]}}, {"model": "wiki.subtopic", "pk": 11, "fields": {"name": "ITGK 3.1", "description": "Description", "content": "Content", "topics": [3]}}, {"model": "wiki.subtopic", "pk": 12, "fields": {"name": "ITGK 3.2", "description": "Description", "content": "Content", "topics": [3]}}, {"model": "quiz.quiz", "pk": 1, "fields": {"title": "ITGK Quiz 1", "subject": 1, "deadline": "2017-03-31T21:51:39Z"}}, {"model": "quiz.quiz", "pk": 2, "fields": {"title": "ITGK Quiz 2", "subject": 1, "deadline": "2017-03-23T22:51:52Z"}}, {"model": "quiz.quiz", "pk": 3, "fields": {"title": "POOP Quiz 1", "subject": 3, "deadline": "2017-03-23T22:52:00Z"}}, {"model": "quiz.quiz", "pk": 4, "fields": {"title": "OOP Quiz 1", "subject": 2, "deadline": "2017-03-23T22:52:11Z"}}, {"model": "quiz.question", "pk": 1, "fields": {"text": "Question 1", "quiz": 3, "subtopic": [1]}}, {"model": "quiz.question", "pk": 2, "fields": {"text": "Question 1", "quiz": 4, "subtopic": [4]}}, {"model": "quiz.question", "pk": 3, "fields": {"text": "Question 1", "quiz": 1, "subtopic": [7]}}, {"model": "quiz.question", "pk": 4, "fields": {"text": "Question 1", "quiz": 2, "subtopic": [11]}}, {"model": "quiz.question", "pk": 5, "fields": {"text": "Question 2", "quiz": 1, "subtopic": [8]}}, {"model": "quiz.question", "pk": 6, "fields": {"text": "Question 2", "quiz": 2, "subtopic": [12]}}, {"model": "quiz.question", "pk": 7, "fields": {"text": "Question 2", "quiz": 3, "subtopic": [2]}}, {"model": "quiz.question", "pk": 8, "fields": {"text": "Question 2", "quiz": 4, "subtopic": [5]}}, {"model": "quiz.question", "pk": 9, "fields": {"text": "Question 3", "quiz": 1, "subtopic": [9]}}, {"model": "quiz.question", "pk": 10, "fields": {"text": "Question 3", "quiz": 3, "subtopic": [2]}}, {"model": "quiz.question", "pk": 11, "fields": {"text": "Question 3", "quiz": 4, "subtopic": [5]}}, {"model": "quiz.question", "pk": 12, "fields": {"text": "Question 4", "quiz": 1, "subtopic": [10]}}, {"model": "quiz.question", "pk": 13, "fields": {"text": "Question 4", "quiz": 3, "subtopic": [3]}}, {"model": "quiz.choice", "pk": 1, "fields": {"question": 1, "choice_text": "Correct", "correct_answer_to": 1}}, {"model": "quiz.choice", "pk": 2, "fields": {"question": 1, "choice_text": "False", "correct_answer_to": null}}, {"model": "quiz.choice", "pk": 3, "fields": {"question": 2, "choice_text": "Correct", "correct_answer_to": 2}}, {"model": "quiz.choice", "pk": 4, "fields": {"question": 2, "choice_text": "False", "correct_answer_to": null}}, {"model": "quiz.choice", "pk": 5, "fields": {"question": 3, "choice_text": "Correct", "correct_answer_to": 3}}, {"model": "quiz.choice", "pk": 6, "fields": {"question": 3, "choice_text": "False", "correct_answer_to": null}}, {"model": "quiz.choice", "pk": 7, "fields": {"question": 4, "choice_text": "Correct", "correct_answer_to": 4}}, {"model": "quiz.choice", "pk": 8, "fields": {"question": 4, "choice_text": "False", "correct_answer_to": null}}, {"model": "quiz.choice", "pk": 9, "fields": {"question": 5, "choice_text": "Correct", "correct_answer_to": 5}}, {"model": "quiz.choice", "pk": 10, "fields": {"question": 5, "choice_text": "False", "correct_answer_to": null}}, {"model": "quiz.choice", "pk": 11, "fields": {"question": 7, "choice_text": "Correct", "correct_answer_to": 7}}, {"model": "quiz.choice", "pk": 12, "fields": {"question": 7, "choice_text": "False", "correct_answer_to": null}}, {"model": "quiz.choice", "pk": 13, "fields": {"question": 8, "choice_text": "Correct", "correct_answer_to": 8}}, {"model": "quiz.choice", "pk": 14, "fields": {"question": 8, "choice_text": "False", "correct_answer_to": null}}, {"model": "quiz.choice", "pk": 15, "fields": {"question": 9, "choice_text": "Correct", "correct_answer_to": 9}}, {"model": "quiz.choice", "pk": 16, "fields": {"question": 10, "choice_text": "False", "correct_answer_to": null}}, {"model": "quiz.choice", "pk": 17, "fields": {"question": 6, "choice_text": "Correct", "correct_answer_to": 6}}, {"model": "quiz.choice", "pk": 18, "fields": {"question": 6, "choice_text": "False", "correct_answer_to": null}}, {"model": "quiz.choice", "pk": 19, "fields": {"question": 9, "choice_text": "False", "correct_answer_to": null}}, {"model": "quiz.choice", "pk": 20, "fields": {"question": 10, "choice_text": "Correct", "correct_answer_to": 10}}, {"model": "quiz.choice", "pk": 21, "fields": {"question": 11, "choice_text": "Correct", "correct_answer_to": 11}}, {"model": "quiz.choice", "pk": 22, "fields": {"question": 11, "choice_text": "False", "correct_answer_to": null}}, {"model": "quiz.choice", "pk": 23, "fields": {"question": 12, "choice_text": "Correct", "correct_answer_to": 12}}, {"model": "quiz.choice", "pk": 24, "fields": {"question": 12, "choice_text": "False", "correct_answer_to": null}}, {"model": "quiz.choice", "pk": 25, "fields": {"question": 13, "choice_text": "Correct", "correct_answer_to": 13}}, {"model": "quiz.choice", "pk": 26, "fields": {"question": 13, "choice_text": "False", "correct_answer_to": null}}, {"model": "quiz.choice", "pk": 27, "fields": {"question": 5, "choice_text": "False", "correct_answer_to": null}}, {"model": "quiz.choice", "pk": 28, "fields": {"question": 9, "choice_text": "False", "correct_answer_to": null}}, {"model": "quiz.choice", "pk": 29, "fields": {"question": 3, "choice_text": "False", "correct_answer_to": null}}, {"model": "quiz.choice", "pk": 30, "fields": {"question": 1, "choice_text": "False", "correct_answer_to": null}}, {"model": "quiz.choice", "pk": 31, "fields": {"question": 3, "choice_text": "False", "correct_answer_to": null}}, {"model": "quiz.choice", "pk": 32, "fields": {"question": 9, "choice_text": "False", "correct_answer_to": null}}, {"model": "quiz.choice", "pk": 33, "fields": {"question": 10, "choice_text": "False", "correct_answer_to": null}}, {"model": "quiz.choice", "pk": 34, "fields": {"question": 7, "choice_text": "Fal", "correct_answer_to": null}}, {"model": "auth.permission", "pk": 1, "fields": {"name": "Can add log entry", "content_type": 1, "codename": "add_logentry"}}, {"model": "auth.permission", "pk": 2, "fields": {"name": "Can change log entry", "content_type": 1, "codename": "change_logentry"}}, {"model": "auth.permission", "pk": 3, "fields": {"name": "Can delete log entry", "content_type": 1, "codename": "delete_logentry"}}, {"model": "auth.permission", "pk": 4, "fields": {"name": "Can add permission", "content_type": 2, "codename": "add_permission"}}, {"model": "auth.permission", "pk": 5, "fields": {"name": "Can change permission", "content_type": 2, "codename": "change_permission"}}, {"model": "auth.permission", "pk": 6, "fields": {"name": "Can delete permission", "content_type": 2, "codename": "delete_permission"}}, {"model": "auth.permission", "pk": 7, "fields": {"name": "Can add group", "content_type": 3, "codename": "add_group"}}, {"model": "auth.permission", "pk": 8, "fields": {"name": "Can change group", "content_type": 3, "codename": "change_group"}}, {"model": "auth.permission", "pk": 9, "fields": {"name": "Can delete group", "content_type": 3, "codename": "delete_group"}}, {"model": "auth.permission", "pk": 10, "fields": {"name": "Can add user", "content_type": 4, "codename": "add_user"}}, {"model": "auth.permission", "pk": 11, "fields": {"name": "Can change user", "content_type": 4, "codename": "change_user"}}, {"model": "auth.permission", "pk": 12, "fields": {"name": "Can delete user", "content_type": 4, "codename": "delete_user"}}, {"model": "auth.permission", "pk": 13, "fields": {"name": "Can add content type", "content_type": 5, "codename": "add_contenttype"}}, {"model": "auth.permission", "pk": 14, "fields": {"name": "Can change content type", "content_type": 5, "codename": "change_contenttype"}}, {"model": "auth.permission", "pk": 15, "fields": {"name": "Can delete content type", "content_type": 5, "codename": "delete_contenttype"}}, {"model": "auth.permission", "pk": 16, "fields": {"name": "Can add session", "content_type": 6, "codename": "add_session"}}, {"model": "auth.permission", "pk": 17, "fields": {"name": "Can change session", "content_type": 6, "codename": "change_session"}}, {"model": "auth.permission", "pk": 18, "fields": {"name": "Can delete session", "content_type": 6, "codename": "delete_session"}}, {"model": "auth.permission", "pk": 19, "fields": {"name": "Can add Token", "content_type": 7, "codename": "add_token"}}, {"model": "auth.permission", "pk": 20, "fields": {"name": "Can change Token", "content_type": 7, "codename": "change_token"}}, {"model": "auth.permission", "pk": 21, "fields": {"name": "Can delete Token", "content_type": 7, "codename": "delete_token"}}, {"model": "auth.permission", "pk": 22, "fields": {"name": "Can add profile", "content_type": 8, "codename": "add_profile"}}, {"model": "auth.permission", "pk": 23, "fields": {"name": "Can change profile", "content_type": 8, "codename": "change_profile"}}, {"model": "auth.permission", "pk": 24, "fields": {"name": "Can delete profile", "content_type": 8, "codename": "delete_profile"}}, {"model": "auth.permission", "pk": 25, "fields": {"name": "Can add subtopic", "content_type": 9, "codename": "add_subtopic"}}, {"model": "auth.permission", "pk": 26, "fields": {"name": "Can change subtopic", "content_type": 9, "codename": "change_subtopic"}}, {"model": "auth.permission", "pk": 27, "fields": {"name": "Can delete subtopic", "content_type": 9, "codename": "delete_subtopic"}}, {"model": "auth.permission", "pk": 28, "fields": {"name": "Can add subject", "content_type": 10, "codename": "add_subject"}}, {"model": "auth.permission", "pk": 29, "fields": {"name": "Can change subject", "content_type": 10, "codename": "change_subject"}}, {"model": "auth.permission", "pk": 30, "fields": {"name": "Can delete subject", "content_type": 10, "codename": "delete_subject"}}, {"model": "auth.permission", "pk": 31, "fields": {"name": "Can add topic", "content_type": 11, "codename": "add_topic"}}, {"model": "auth.permission", "pk": 32, "fields": {"name": "Can change topic", "content_type": 11, "codename": "change_topic"}}, {"model": "auth.permission", "pk": 33, "fields": {"name": "Can delete topic", "content_type": 11, "codename": "delete_topic"}}, {"model": "auth.permission", "pk": 34, "fields": {"name": "Can add question", "content_type": 12, "codename": "add_question"}}, {"model": "auth.permission", "pk": 35, "fields": {"name": "Can change question", "content_type": 12, "codename": "change_question"}}, {"model": "auth.permission", "pk": 36, "fields": {"name": "Can delete question", "content_type": 12, "codename": "delete_question"}}, {"model": "auth.permission", "pk": 37, "fields": {"name": "Can add choice", "content_type": 13, "codename": "add_choice"}}, {"model": "auth.permission", "pk": 38, "fields": {"name": "Can change choice", "content_type": 13, "codename": "change_choice"}}, {"model": "auth.permission", "pk": 39, "fields": {"name": "Can delete choice", "content_type": 13, "codename": "delete_choice"}}, {"model": "auth.permission", "pk": 40, "fields": {"name": "Can add quiz", "content_type": 14, "codename": "add_quiz"}}, {"model": "auth.permission", "pk": 41, "fields": {"name": "Can change quiz", "content_type": 14, "codename": "change_quiz"}}, {"model": "auth.permission", "pk": 42, "fields": {"name": "Can delete quiz", "content_type": 14, "codename": "delete_quiz"}}, {"model": "auth.user", "pk": 1, "fields": {"password": "pbkdf2_sha256$30000$shpusfJjCbPg$6cytUY4nmGD5mJ9oDMyb+/ojC7jHuDsjEFUyNRcGUck=", "last_login": "2017-03-23T22:44:47.763Z", "is_superuser": true, "username": "bergen", "first_name": "", "last_name": "", "email": "bergen@norge.no", "is_staff": true, "is_active": true, "date_joined": "2017-03-23T22:44:36.695Z", "groups": [], "user_permissions": []}}, {"model": "authtoken.token", "pk": "d81770df8194863be870ba40a508d9899ebc1251", "fields": {"user": 1, "created": "2017-03-23T22:44:36.825Z"}}, {"model": "profiles.profile", "pk": 1, "fields": {"user": 1, "study": "MTDT", "subjects": [1, 2], "quizes": [1, 2, 4]}}, {"model": "admin.logentry", "pk": 1, "fields": {"action_time": "2017-03-23T22:45:17.888Z", "user": 1, "content_type": 10, "object_id": "1", "object_repr": "TDT4110 - ITGK", "action_flag": 1, "change_message": "[{\"added\": {}}]"}}, {"model": "admin.logentry", "pk": 2, "fields": {"action_time": "2017-03-23T22:45:33.432Z", "user": 1, "content_type": 10, "object_id": "2", "object_repr": "TDT4100 - OOP", "action_flag": 1, "change_message": "[{\"added\": {}}]"}}, {"model": "admin.logentry", "pk": 3, "fields": {"action_time": "2017-03-23T22:45:45.802Z", "user": 1, "content_type": 10, "object_id": "3", "object_repr": "TDT4102 - POOP", "action_flag": 1, "change_message": "[{\"added\": {}}]"}}, {"model": "admin.logentry", "pk": 4, "fields": {"action_time": "2017-03-23T22:46:04.754Z", "user": 1, "content_type": 11, "object_id": "1", "object_repr": "ITGK Topic 1", "action_flag": 1, "change_message": "[{\"added\": {}}]"}}, {"model": "admin.logentry", "pk": 5, "fields": {"action_time": "2017-03-23T22:46:18.630Z", "user": 1, "content_type": 11, "object_id": "2", "object_repr": "ITGK Topic 2", "action_flag": 1, "change_message": "[{\"added\": {}}]"}}, {"model": "admin.logentry", "pk": 6, "fields": {"action_time": "2017-03-23T22:46:31.464Z", "user": 1, "content_type": 11, "object_id": "3", "object_repr": "ITGK Topic 3", "action_flag": 1, "change_message": "[{\"added\": {}}]"}}, {"model": "admin.logentry", "pk": 7, "fields": {"action_time": "2017-03-23T22:46:44.603Z", "user": 1, "content_type": 11, "object_id": "4", "object_repr": "OOP Topic 1", "action_flag": 1, "change_message": "[{\"added\": {}}]"}}, {"model": "admin.logentry", "pk": 8, "fields": {"action_time": "2017-03-23T22:46:56.686Z", "user": 1, "content_type": 11, "object_id": "5", "object_repr": "OOP Topic 2", "action_flag": 1, "change_message": "[{\"added\": {}}]"}}, {"model": "admin.logentry", "pk": 9, "fields": {"action_time": "2017-03-23T22:47:16.788Z", "user": 1, "content_type": 11, "object_id": "6", "object_repr": "POOP topic 1", "action_flag": 1, "change_message": "[{\"added\": {}}]"}}, {"model": "admin.logentry", "pk": 10, "fields": {"action_time": "2017-03-23T22:47:26.519Z", "user": 1, "content_type": 11, "object_id": "5", "object_repr": "OOP Topic 2", "action_flag": 2, "change_message": "[{\"changed\": {\"fields\": [\"description\"]}}]"}}, {"model": "admin.logentry", "pk": 11, "fields": {"action_time": "2017-03-23T22:47:32.164Z", "user": 1, "content_type": 11, "object_id": "4", "object_repr": "OOP Topic 1", "action_flag": 2, "change_message": "[{\"changed\": {\"fields\": [\"description\"]}}]"}}, {"model": "admin.logentry", "pk": 12, "fields": {"action_time": "2017-03-23T22:47:42.424Z", "user": 1, "content_type": 11, "object_id": "3", "object_repr": "ITGK Topic 3", "action_flag": 2, "change_message": "[{\"changed\": {\"fields\": [\"description\"]}}]"}}, {"model": "admin.logentry", "pk": 13, "fields": {"action_time": "2017-03-23T22:47:52.219Z", "user": 1, "content_type": 11, "object_id": "2", "object_repr": "ITGK Topic 2", "action_flag": 2, "change_message": "[{\"changed\": {\"fields\": [\"description\"]}}]"}}, {"model": "admin.logentry", "pk": 14, "fields": {"action_time": "2017-03-23T22:47:59.105Z", "user": 1, "content_type": 11, "object_id": "1", "object_repr": "ITGK Topic 1", "action_flag": 2, "change_message": "[{\"changed\": {\"fields\": [\"description\"]}}]"}}, {"model": "admin.logentry", "pk": 15, "fields": {"action_time": "2017-03-23T22:48:38.149Z", "user": 1, "content_type": 9, "object_id": "1", "object_repr": "POOP 1.1", "action_flag": 1, "change_message": "[{\"added\": {}}]"}}, {"model": "admin.logentry", "pk": 16, "fields": {"action_time": "2017-03-23T22:48:50.192Z", "user": 1, "content_type": 9, "object_id": "2", "object_repr": "POOP 1.2", "action_flag": 1, "change_message": "[{\"added\": {}}]"}}, {"model": "admin.logentry", "pk": 17, "fields": {"action_time": "2017-03-23T22:49:01.196Z", "user": 1, "content_type": 9, "object_id": "3", "object_repr": "POOP 1.3", "action_flag": 1, "change_message": "[{\"added\": {}}]"}}, {"model": "admin.logentry", "pk": 18, "fields": {"action_time": "2017-03-23T22:49:16.409Z", "user": 1, "content_type": 9, "object_id": "4", "object_repr": "OOP 1.1", "action_flag": 1, "change_message": "[{\"added\": {}}]"}}, {"model": "admin.logentry", "pk": 19, "fields": {"action_time": "2017-03-23T22:49:29.120Z", "user": 1, "content_type": 9, "object_id": "5", "object_repr": "OOP 1.2", "action_flag": 1, "change_message": "[{\"added\": {}}]"}}, {"model": "admin.logentry", "pk": 20, "fields": {"action_time": "2017-03-23T22:49:46.029Z", "user": 1, "content_type": 9, "object_id": "6", "object_repr": "OOP 2.1", "action_flag": 1, "change_message": "[{\"added\": {}}]"}}, {"model": "admin.logentry", "pk": 21, "fields": {"action_time": "2017-03-23T22:49:59.820Z", "user": 1, "content_type": 9, "object_id": "7", "object_repr": "ITGK 1.1", "action_flag": 1, "change_message": "[{\"added\": {}}]"}}, {"model": "admin.logentry", "pk": 22, "fields": {"action_time": "2017-03-23T22:50:15.822Z", "user": 1, "content_type": 9, "object_id": "8", "object_repr": "ITGK 1.2", "action_flag": 1, "change_message": "[{\"added\": {}}]"}}, {"model": "admin.logentry", "pk": 23, "fields": {"action_time": "2017-03-23T22:50:29.110Z", "user": 1, "content_type": 9, "object_id": "9", "object_repr": "ITGK 2.1", "action_flag": 1, "change_message": "[{\"added\": {}}]"}}, {"model": "admin.logentry", "pk": 24, "fields": {"action_time": "2017-03-23T22:50:40.627Z", "user": 1, "content_type": 9, "object_id": "10", "object_repr": "ITGK 2.2", "action_flag": 1, "change_message": "[{\"added\": {}}]"}}, {"model": "admin.logentry", "pk": 25, "fields": {"action_time": "2017-03-23T22:50:48.959Z", "user": 1, "content_type": 9, "object_id": "11", "object_repr": "ITGK 3.1", "action_flag": 1, "change_message": "[{\"added\": {}}]"}}, {"model": "admin.logentry", "pk": 26, "fields": {"action_time": "2017-03-23T22:51:07.039Z", "user": 1, "content_type": 9, "object_id": "12", "object_repr": "ITGK 3.2", "action_flag": 1, "change_message": "[{\"added\": {}}]"}}, {"model": "admin.logentry", "pk": 27, "fields": {"action_time": "2017-03-23T22:51:41.157Z", "user": 1, "content_type": 14, "object_id": "1", "object_repr": "ITGK Quiz 1", "action_flag": 1, "change_message": "[{\"added\": {}}]"}}, {"model": "admin.logentry", "pk": 28, "fields": {"action_time": "2017-03-23T22:51:53.016Z", "user": 1, "content_type": 14, "object_id": "2", "object_repr": "ITGK Quiz 2", "action_flag": 1, "change_message": "[{\"added\": {}}]"}}, {"model": "admin.logentry", "pk": 29, "fields": {"action_time": "2017-03-23T22:52:01.712Z", "user": 1, "content_type": 14, "object_id": "3", "object_repr": "POOP Quiz 1", "action_flag": 1, "change_message": "[{\"added\": {}}]"}}, {"model": "admin.logentry", "pk": 30, "fields": {"action_time": "2017-03-23T22:52:12.942Z", "user": 1, "content_type": 14, "object_id": "4", "object_repr": "OOP Quiz 1", "action_flag": 1, "change_message": "[{\"added\": {}}]"}}, {"model": "admin.logentry", "pk": 31, "fields": {"action_time": "2017-03-23T22:52:47.577Z", "user": 1, "content_type": 12, "object_id": "1", "object_repr": "Question 1", "action_flag": 1, "change_message": "[{\"added\": {}}]"}}, {"model": "admin.logentry", "pk": 32, "fields": {"action_time": "2017-03-23T22:52:59.085Z", "user": 1, "content_type": 12, "object_id": "2", "object_repr": "Question 1", "action_flag": 1, "change_message": "[{\"added\": {}}]"}}, {"model": "admin.logentry", "pk": 33, "fields": {"action_time": "2017-03-23T22:53:06.803Z", "user": 1, "content_type": 12, "object_id": "3", "object_repr": "Question 1", "action_flag": 1, "change_message": "[{\"added\": {}}]"}}, {"model": "admin.logentry", "pk": 34, "fields": {"action_time": "2017-03-23T22:53:15.719Z", "user": 1, "content_type": 12, "object_id": "4", "object_repr": "Question 1", "action_flag": 1, "change_message": "[{\"added\": {}}]"}}, {"model": "admin.logentry", "pk": 35, "fields": {"action_time": "2017-03-23T22:53:29.656Z", "user": 1, "content_type": 12, "object_id": "5", "object_repr": "Question 2", "action_flag": 1, "change_message": "[{\"added\": {}}]"}}, {"model": "admin.logentry", "pk": 36, "fields": {"action_time": "2017-03-23T22:53:36.849Z", "user": 1, "content_type": 12, "object_id": "6", "object_repr": "Question 2", "action_flag": 1, "change_message": "[{\"added\": {}}]"}}, {"model": "admin.logentry", "pk": 37, "fields": {"action_time": "2017-03-23T22:53:43.496Z", "user": 1, "content_type": 12, "object_id": "7", "object_repr": "Question 2", "action_flag": 1, "change_message": "[{\"added\": {}}]"}}, {"model": "admin.logentry", "pk": 38, "fields": {"action_time": "2017-03-23T22:53:50.634Z", "user": 1, "content_type": 12, "object_id": "8", "object_repr": "Question 2", "action_flag": 1, "change_message": "[{\"added\": {}}]"}}, {"model": "admin.logentry", "pk": 39, "fields": {"action_time": "2017-03-23T22:54:18.820Z", "user": 1, "content_type": 12, "object_id": "9", "object_repr": "Question 3", "action_flag": 1, "change_message": "[{\"added\": {}}]"}}, {"model": "admin.logentry", "pk": 40, "fields": {"action_time": "2017-03-23T22:54:29.260Z", "user": 1, "content_type": 12, "object_id": "10", "object_repr": "Question 3", "action_flag": 1, "change_message": "[{\"added\": {}}]"}}, {"model": "admin.logentry", "pk": 41, "fields": {"action_time": "2017-03-23T22:54:34.966Z", "user": 1, "content_type": 12, "object_id": "11", "object_repr": "Question 3", "action_flag": 1, "change_message": "[{\"added\": {}}]"}}, {"model": "admin.logentry", "pk": 42, "fields": {"action_time": "2017-03-23T22:54:45.593Z", "user": 1, "content_type": 12, "object_id": "12", "object_repr": "Question 4", "action_flag": 1, "change_message": "[{\"added\": {}}]"}}, {"model": "admin.logentry", "pk": 43, "fields": {"action_time": "2017-03-23T22:54:50.749Z", "user": 1, "content_type": 12, "object_id": "13", "object_repr": "Question 4", "action_flag": 1, "change_message": "[{\"added\": {}}]"}}, {"model": "admin.logentry", "pk": 44, "fields": {"action_time": "2017-03-23T22:56:00.023Z", "user": 1, "content_type": 13, "object_id": "1", "object_repr": "Correct", "action_flag": 1, "change_message": "[{\"added\": {}}]"}}, {"model": "admin.logentry", "pk": 45, "fields": {"action_time": "2017-03-23T22:56:06.400Z", "user": 1, "content_type": 13, "object_id": "2", "object_repr": "False", "action_flag": 1, "change_message": "[{\"added\": {}}]"}}, {"model": "admin.logentry", "pk": 46, "fields": {"action_time": "2017-03-23T22:56:15.547Z", "user": 1, "content_type": 13, "object_id": "3", "object_repr": "Correct", "action_flag": 1, "change_message": "[{\"added\": {}}]"}}, {"model": "admin.logentry", "pk": 47, "fields": {"action_time": "2017-03-23T22:56:19.968Z", "user": 1, "content_type": 13, "object_id": "4", "object_repr": "False", "action_flag": 1, "change_message": "[{\"added\": {}}]"}}, {"model": "admin.logentry", "pk": 48, "fields": {"action_time": "2017-03-23T22:56:26.992Z", "user": 1, "content_type": 13, "object_id": "5", "object_repr": "Correct", "action_flag": 1, "change_message": "[{\"added\": {}}]"}}, {"model": "admin.logentry", "pk": 49, "fields": {"action_time": "2017-03-23T22:56:33.451Z", "user": 1, "content_type": 13, "object_id": "6", "object_repr": "False", "action_flag": 1, "change_message": "[{\"added\": {}}]"}}, {"model": "admin.logentry", "pk": 50, "fields": {"action_time": "2017-03-23T22:56:43.020Z", "user": 1, "content_type": 13, "object_id": "7", "object_repr": "Correct", "action_flag": 1, "change_message": "[{\"added\": {}}]"}}, {"model": "admin.logentry", "pk": 51, "fields": {"action_time": "2017-03-23T22:56:49.135Z", "user": 1, "content_type": 13, "object_id": "8", "object_repr": "False", "action_flag": 1, "change_message": "[{\"added\": {}}]"}}, {"model": "admin.logentry", "pk": 52, "fields": {"action_time": "2017-03-23T22:56:56.462Z", "user": 1, "content_type": 13, "object_id": "9", "object_repr": "Correct", "action_flag": 1, "change_message": "[{\"added\": {}}]"}}, {"model": "admin.logentry", "pk": 53, "fields": {"action_time": "2017-03-23T22:57:03.186Z", "user": 1, "content_type": 13, "object_id": "10", "object_repr": "False", "action_flag": 1, "change_message": "[{\"added\": {}}]"}}, {"model": "admin.logentry", "pk": 54, "fields": {"action_time": "2017-03-23T22:57:17.999Z", "user": 1, "content_type": 13, "object_id": "11", "object_repr": "Correct", "action_flag": 1, "change_message": "[{\"added\": {}}]"}}, {"model": "admin.logentry", "pk": 55, "fields": {"action_time": "2017-03-23T22:57:25.867Z", "user": 1, "content_type": 13, "object_id": "12", "object_repr": "False", "action_flag": 1, "change_message": "[{\"added\": {}}]"}}, {"model": "admin.logentry", "pk": 56, "fields": {"action_time": "2017-03-23T22:57:36.038Z", "user": 1, "content_type": 13, "object_id": "13", "object_repr": "Correct", "action_flag": 1, "change_message": "[{\"added\": {}}]"}}, {"model": "admin.logentry", "pk": 57, "fields": {"action_time": "2017-03-23T22:57:44.111Z", "user": 1, "content_type": 13, "object_id": "14", "object_repr": "False", "action_flag": 1, "change_message": "[{\"added\": {}}]"}}, {"model": "admin.logentry", "pk": 58, "fields": {"action_time": "2017-03-23T22:57:52.036Z", "user": 1, "content_type": 13, "object_id": "15", "object_repr": "Correct", "action_flag": 1, "change_message": "[{\"added\": {}}]"}}, {"model": "admin.logentry", "pk": 59, "fields": {"action_time": "2017-03-23T22:58:07.298Z", "user": 1, "content_type": 13, "object_id": "16", "object_repr": "False", "action_flag": 1, "change_message": "[{\"added\": {}}]"}}, {"model": "admin.logentry", "pk": 60, "fields": {"action_time": "2017-03-23T22:59:49.691Z", "user": 1, "content_type": 13, "object_id": "17", "object_repr": "Correct", "action_flag": 1, "change_message": "[{\"added\": {}}]"}}, {"model": "admin.logentry", "pk": 61, "fields": {"action_time": "2017-03-23T22:59:56.348Z", "user": 1, "content_type": 13, "object_id": "18", "object_repr": "False", "action_flag": 1, "change_message": "[{\"added\": {}}]"}}, {"model": "admin.logentry", "pk": 62, "fields": {"action_time": "2017-03-23T23:00:18.112Z", "user": 1, "content_type": 13, "object_id": "19", "object_repr": "False", "action_flag": 1, "change_message": "[{\"added\": {}}]"}}, {"model": "admin.logentry", "pk": 63, "fields": {"action_time": "2017-03-23T23:00:33.741Z", "user": 1, "content_type": 13, "object_id": "20", "object_repr": "Correct", "action_flag": 1, "change_message": "[{\"added\": {}}]"}}, {"model": "admin.logentry", "pk": 64, "fields": {"action_time": "2017-03-23T23:00:54.772Z", "user": 1, "content_type": 13, "object_id": "21", "object_repr": "Correct", "action_flag": 1, "change_message": "[{\"added\": {}}]"}}, {"model": "admin.logentry", "pk": 65, "fields": {"action_time": "2017-03-23T23:01:01.321Z", "user": 1, "content_type": 13, "object_id": "22", "object_repr": "False", "action_flag": 1, "change_message": "[{\"added\": {}}]"}}, {"model": "admin.logentry", "pk": 66, "fields": {"action_time": "2017-03-23T23:01:08.889Z", "user": 1, "content_type": 13, "object_id": "23", "object_repr": "Correct", "action_flag": 1, "change_message": "[{\"added\": {}}]"}}, {"model": "admin.logentry", "pk": 67, "fields": {"action_time": "2017-03-23T23:01:15.899Z", "user": 1, "content_type": 13, "object_id": "24", "object_repr": "False", "action_flag": 1, "change_message": "[{\"added\": {}}]"}}, {"model": "admin.logentry", "pk": 68, "fields": {"action_time": "2017-03-23T23:01:22.782Z", "user": 1, "content_type": 13, "object_id": "25", "object_repr": "Correct", "action_flag": 1, "change_message": "[{\"added\": {}}]"}}, {"model": "admin.logentry", "pk": 69, "fields": {"action_time": "2017-03-23T23:01:28.068Z", "user": 1, "content_type": 13, "object_id": "26", "object_repr": "False", "action_flag": 1, "change_message": "[{\"added\": {}}]"}}, {"model": "admin.logentry", "pk": 70, "fields": {"action_time": "2017-03-23T23:01:33.046Z", "user": 1, "content_type": 13, "object_id": "27", "object_repr": "False", "action_flag": 1, "change_message": "[{\"added\": {}}]"}}, {"model": "admin.logentry", "pk": 71, "fields": {"action_time": "2017-03-23T23:01:37.788Z", "user": 1, "content_type": 13, "object_id": "28", "object_repr": "False", "action_flag": 1, "change_message": "[{\"added\": {}}]"}}, {"model": "admin.logentry", "pk": 72, "fields": {"action_time": "2017-03-23T23:01:44.214Z", "user": 1, "content_type": 13, "object_id": "29", "object_repr": "False", "action_flag": 1, "change_message": "[{\"added\": {}}]"}}, {"model": "admin.logentry", "pk": 73, "fields": {"action_time": "2017-03-23T23:01:52.402Z", "user": 1, "content_type": 13, "object_id": "30", "object_repr": "False", "action_flag": 1, "change_message": "[{\"added\": {}}]"}}, {"model": "admin.logentry", "pk": 74, "fields": {"action_time": "2017-03-23T23:01:59.028Z", "user": 1, "content_type": 13, "object_id": "31", "object_repr": "False", "action_flag": 1, "change_message": "[{\"added\": {}}]"}}, {"model": "admin.logentry", "pk": 75, "fields": {"action_time": "2017-03-23T23:02:05.040Z", "user": 1, "content_type": 13, "object_id": "32", "object_repr": "False", "action_flag": 1, "change_message": "[{\"added\": {}}]"}}, {"model": "admin.logentry", "pk": 76, "fields": {"action_time": "2017-03-23T23:02:10.557Z", "user": 1, "content_type": 13, "object_id": "33", "object_repr": "False", "action_flag": 1, "change_message": "[{\"added\": {}}]"}}, {"model": "admin.logentry", "pk": 77, "fields": {"action_time": "2017-03-23T23:02:15.194Z", "user": 1, "content_type": 13, "object_id": "34", "object_repr": "Fal", "action_flag": 1, "change_message": "[{\"added\": {}}]"}}, {"model": "admin.logentry", "pk": 78, "fields": {"action_time": "2017-03-23T23:02:41.430Z", "user": 1, "content_type": 8, "object_id": "1", "object_repr": "bergen", "action_flag": 2, "change_message": "[]"}}]